Url,Multiple title tags
https://premierpartycruises.com/,Premier Party Cruises - Austin Lake Travis Boat Rentals & Party Cruises
https://premierpartycruises.com/after-party,Premier Party Cruises - Austin Lake Travis Boat Rentals & Party Cruises
https://premierpartycruises.com/atx-disco-cruise,Premier Party Cruises - Austin Lake Travis Boat Rentals & Party Cruises
https://premierpartycruises.com/bachelor-party-austin,Premier Party Cruises - Austin Lake Travis Boat Rentals & Party Cruises
https://premierpartycruises.com/bachelorette-party-austin,Premier Party Cruises - Austin Lake Travis Boat Rentals & Party Cruises
https://premierpartycruises.com/blog/atx-disco-cruise-americas-best-bach-party-experience,Premier Party Cruises - Austin Lake Travis Boat Rentals & Party Cruises
https://premierpartycruises.com/blog/austin-bachelor-party-january,Premier Party Cruises - Austin Lake Travis Boat Rentals & Party Cruises
https://premierpartycruises.com/blog/austin-bachelor-party-july,Premier Party Cruises - Austin Lake Travis Boat Rentals & Party Cruises
https://premierpartycruises.com/blog/austin-bachelor-party-march,Premier Party Cruises - Austin Lake Travis Boat Rentals & Party Cruises
https://premierpartycruises.com/blog/austin-bachelor-party-may,Premier Party Cruises - Austin Lake Travis Boat Rentals & Party Cruises
https://premierpartycruises.com/blog/austin-bachelor-party-november,Premier Party Cruises - Austin Lake Travis Boat Rentals & Party Cruises
https://premierpartycruises.com/blog/austin-bachelor-party-september,Premier Party Cruises - Austin Lake Travis Boat Rentals & Party Cruises
https://premierpartycruises.com/blog/austin-bachelorette-party-april,Premier Party Cruises - Austin Lake Travis Boat Rentals & Party Cruises
https://premierpartycruises.com/blog/austin-bachelorette-party-august,Premier Party Cruises - Austin Lake Travis Boat Rentals & Party Cruises
https://premierpartycruises.com/blog/austin-bachelorette-party-december,Premier Party Cruises - Austin Lake Travis Boat Rentals & Party Cruises
https://premierpartycruises.com/blog/austin-bachelorette-party-february,Premier Party Cruises - Austin Lake Travis Boat Rentals & Party Cruises
https://premierpartycruises.com/blog/austin-bachelorette-party-june,Premier Party Cruises - Austin Lake Travis Boat Rentals & Party Cruises
https://premierpartycruises.com/blog/austin-bachelorette-party-october,Premier Party Cruises - Austin Lake Travis Boat Rentals & Party Cruises
https://premierpartycruises.com/blog/claude-ai-market-analysis-premier-party-cruises,Premier Party Cruises - Austin Lake Travis Boat Rentals & Party Cruises
https://premierpartycruises.com/blog/how-to-throw-great-bachelor-party-austin,Premier Party Cruises - Austin Lake Travis Boat Rentals & Party Cruises
https://premierpartycruises.com/blog/how-to-throw-great-bachelorette-party-austin,Premier Party Cruises - Austin Lake Travis Boat Rentals & Party Cruises
https://premierpartycruises.com/blog/perfect-bachelor-party-itinerary-austin,Premier Party Cruises - Austin Lake Travis Boat Rentals & Party Cruises
https://premierpartycruises.com/blog/why-choose-austin-bachelor-party,Premier Party Cruises - Austin Lake Travis Boat Rentals & Party Cruises
https://premierpartycruises.com/blog/why-choose-austin-bachelorette-party,Premier Party Cruises - Austin Lake Travis Boat Rentals & Party Cruises
https://premierpartycruises.com/client-entertainment,Premier Party Cruises - Austin Lake Travis Boat Rentals & Party Cruises
https://premierpartycruises.com/company-milestone,Premier Party Cruises - Austin Lake Travis Boat Rentals & Party Cruises
https://premierpartycruises.com/contact,Premier Party Cruises - Austin Lake Travis Boat Rentals & Party Cruises
https://premierpartycruises.com/graduation-party,Premier Party Cruises - Austin Lake Travis Boat Rentals & Party Cruises
https://premierpartycruises.com/milestone-birthday,Premier Party Cruises - Austin Lake Travis Boat Rentals & Party Cruises
https://premierpartycruises.com/private-cruises,Premier Party Cruises - Austin Lake Travis Boat Rentals & Party Cruises
https://premierpartycruises.com/rehearsal-dinner,Premier Party Cruises - Austin Lake Travis Boat Rentals & Party Cruises
https://premierpartycruises.com/sweet-16,Premier Party Cruises - Austin Lake Travis Boat Rentals & Party Cruises
https://premierpartycruises.com/team-building,Premier Party Cruises - Austin Lake Travis Boat Rentals & Party Cruises
https://premierpartycruises.com/testimonials-faq,Premier Party Cruises - Austin Lake Travis Boat Rentals & Party Cruises
https://premierpartycruises.com/welcome-party,Premier Party Cruises - Austin Lake Travis Boat Rentals & Party Cruises
