Url,h1_count
https://premierpartycruises.com/,0
https://premierpartycruises.com/after-party,0
https://premierpartycruises.com/atx-disco-cruise,0
https://premierpartycruises.com/bachelor-party-austin,0
https://premierpartycruises.com/bachelorette-party-austin,0
https://premierpartycruises.com/blog/atx-disco-cruise-americas-best-bach-party-experience,0
https://premierpartycruises.com/blog/austin-bachelor-party-january,0
https://premierpartycruises.com/blog/austin-bachelor-party-july,0
https://premierpartycruises.com/blog/austin-bachelor-party-march,0
https://premierpartycruises.com/blog/austin-bachelor-party-may,0
https://premierpartycruises.com/blog/austin-bachelor-party-november,0
https://premierpartycruises.com/blog/austin-bachelor-party-september,0
https://premierpartycruises.com/blog/austin-bachelorette-party-april,0
https://premierpartycruises.com/blog/austin-bachelorette-party-august,0
https://premierpartycruises.com/blog/austin-bachelorette-party-december,0
https://premierpartycruises.com/blog/austin-bachelorette-party-february,0
https://premierpartycruises.com/blog/austin-bachelorette-party-june,0
https://premierpartycruises.com/blog/austin-bachelorette-party-october,0
https://premierpartycruises.com/blog/claude-ai-market-analysis-premier-party-cruises,0
https://premierpartycruises.com/blog/how-to-throw-great-bachelor-party-austin,0
https://premierpartycruises.com/blog/how-to-throw-great-bachelorette-party-austin,0
https://premierpartycruises.com/blog/perfect-bachelor-party-itinerary-austin,0
https://premierpartycruises.com/blog/why-choose-austin-bachelor-party,0
https://premierpartycruises.com/blog/why-choose-austin-bachelorette-party,0
https://premierpartycruises.com/client-entertainment,0
https://premierpartycruises.com/company-milestone,0
https://premierpartycruises.com/contact,0
https://premierpartycruises.com/graduation-party,0
https://premierpartycruises.com/milestone-birthday,0
https://premierpartycruises.com/private-cruises,0
https://premierpartycruises.com/rehearsal-dinner,0
https://premierpartycruises.com/sweet-16,0
https://premierpartycruises.com/team-building,0
https://premierpartycruises.com/testimonials-faq,0
https://premierpartycruises.com/welcome-party,0
