Url,meta_description
https://premierpartycruises.com/blog/birthday-party-alcohol-delivery-austin-milestone-celebrations-made-easy,"Austin's premier boat rental and party cruise experience on Lake Travis. Private charters, disco cruises, bachelor parties, bachelorette parties, and corporate events since 2009."
https://premierpartycruises.com/blog/lake-travis-party-boat-rentals-ultimate-guide-for-large-group-events-20-guests,"Austin's premier boat rental and party cruise experience on Lake Travis. Private charters, disco cruises, bachelor parties, bachelorette parties, and corporate events since 2009."
https://premierpartycruises.com/blog/lake-travis-weather-planning-seasonal-considerations-for-perfect-boat-parties,"Austin's premier boat rental and party cruise experience on Lake Travis. Private charters, disco cruises, bachelor parties, bachelorette parties, and corporate events since 2009."
https://premierpartycruises.com/blog/rehearsal-dinner-boat-alcohol-delivery-unique-wedding-weekend-experiences,"Austin's premier boat rental and party cruise experience on Lake Travis. Private charters, disco cruises, bachelor parties, bachelorette parties, and corporate events since 2009."
https://premierpartycruises.com/blogs/atx-disco-cruise-experience,"Austin's premier boat rental and party cruise experience on Lake Travis. Private charters, disco cruises, bachelor parties, bachelorette parties, and corporate events since 2009."
https://premierpartycruises.com/blogs/austin-bachelor-party-january,"Austin's premier boat rental and party cruise experience on Lake Travis. Private charters, disco cruises, bachelor parties, bachelorette parties, and corporate events since 2009."
https://premierpartycruises.com/blogs/austin-bachelor-party-july,"Austin's premier boat rental and party cruise experience on Lake Travis. Private charters, disco cruises, bachelor parties, bachelorette parties, and corporate events since 2009."
https://premierpartycruises.com/blogs/austin-bachelor-party-march,"Austin's premier boat rental and party cruise experience on Lake Travis. Private charters, disco cruises, bachelor parties, bachelorette parties, and corporate events since 2009."
https://premierpartycruises.com/blogs/austin-bachelor-party-may,"Austin's premier boat rental and party cruise experience on Lake Travis. Private charters, disco cruises, bachelor parties, bachelorette parties, and corporate events since 2009."
https://premierpartycruises.com/blogs/austin-bachelor-party-november,"Austin's premier boat rental and party cruise experience on Lake Travis. Private charters, disco cruises, bachelor parties, bachelorette parties, and corporate events since 2009."
https://premierpartycruises.com/blogs/austin-bachelor-party-september,"Austin's premier boat rental and party cruise experience on Lake Travis. Private charters, disco cruises, bachelor parties, bachelorette parties, and corporate events since 2009."
https://premierpartycruises.com/blogs/austin-bachelorette-bliss-spa-retreats-disco-cruises-alcohol-delivery,"Austin's premier boat rental and party cruise experience on Lake Travis. Private charters, disco cruises, bachelor parties, bachelorette parties, and corporate events since 2009."
https://premierpartycruises.com/blogs/austin-bachelorette-party-april,"Austin's premier boat rental and party cruise experience on Lake Travis. Private charters, disco cruises, bachelor parties, bachelorette parties, and corporate events since 2009."
https://premierpartycruises.com/blogs/austin-bachelorette-party-august,"Austin's premier boat rental and party cruise experience on Lake Travis. Private charters, disco cruises, bachelor parties, bachelorette parties, and corporate events since 2009."
https://premierpartycruises.com/blogs/austin-bachelorette-party-december,"Austin's premier boat rental and party cruise experience on Lake Travis. Private charters, disco cruises, bachelor parties, bachelorette parties, and corporate events since 2009."
https://premierpartycruises.com/blogs/austin-bachelorette-party-february,"Austin's premier boat rental and party cruise experience on Lake Travis. Private charters, disco cruises, bachelor parties, bachelorette parties, and corporate events since 2009."
https://premierpartycruises.com/blogs/austin-bachelorette-party-june,"Austin's premier boat rental and party cruise experience on Lake Travis. Private charters, disco cruises, bachelor parties, bachelorette parties, and corporate events since 2009."
https://premierpartycruises.com/blogs/austin-bachelorette-party-october,"Austin's premier boat rental and party cruise experience on Lake Travis. Private charters, disco cruises, bachelor parties, bachelorette parties, and corporate events since 2009."
https://premierpartycruises.com/blogs/austin-party-venue-alcohol-delivery-navigating-policies-and-logistics,"Austin's premier boat rental and party cruise experience on Lake Travis. Private charters, disco cruises, bachelor parties, bachelorette parties, and corporate events since 2009."
https://premierpartycruises.com/blogs/birthday-party-alcohol-delivery-austin-milestone-celebrations-made-easy,"Austin's premier boat rental and party cruise experience on Lake Travis. Private charters, disco cruises, bachelor parties, bachelorette parties, and corporate events since 2009."
https://premierpartycruises.com/blogs/birthday-party-boat-rentals-on-lake-travis-milestone-celebrations-with-a-view,"Austin's premier boat rental and party cruise experience on Lake Travis. Private charters, disco cruises, bachelor parties, bachelorette parties, and corporate events since 2009."
https://premierpartycruises.com/blogs/corporate-team-building-on-lake-travis-professional-boat-rental-solutions,"Austin's premier boat rental and party cruise experience on Lake Travis. Private charters, disco cruises, bachelor parties, bachelorette parties, and corporate events since 2009."
https://premierpartycruises.com/blogs/epic-bachelor-party-austin-ultimate-guide,"Austin's premier boat rental and party cruise experience on Lake Travis. Private charters, disco cruises, bachelor parties, bachelorette parties, and corporate events since 2009."
https://premierpartycruises.com/blogs/epic-bachelorette-party-austin-ultimate-guide,"Austin's premier boat rental and party cruise experience on Lake Travis. Private charters, disco cruises, bachelor parties, bachelorette parties, and corporate events since 2009."
https://premierpartycruises.com/blogs/first-time-lake-travis-boat-rental-essential-tips-for-austin-party-planning,"Austin's premier boat rental and party cruise experience on Lake Travis. Private charters, disco cruises, bachelor parties, bachelorette parties, and corporate events since 2009."
https://premierpartycruises.com/blogs/graduation-party-alcohol-planning-ut-and-austin-college-celebrations,"Austin's premier boat rental and party cruise experience on Lake Travis. Private charters, disco cruises, bachelor parties, bachelorette parties, and corporate events since 2009."
https://premierpartycruises.com/blogs/holiday-celebrations-on-lake-travis-seasonal-boat-party-planning-and-coordination,"Austin's premier boat rental and party cruise experience on Lake Travis. Private charters, disco cruises, bachelor parties, bachelorette parties, and corporate events since 2009."
https://premierpartycruises.com/blogs/joint-bachelor-bachelorette-parties-with-premier-party-cruises,"Austin's premier boat rental and party cruise experience on Lake Travis. Private charters, disco cruises, bachelor parties, bachelorette parties, and corporate events since 2009."
https://premierpartycruises.com/blogs/lake-travis-bachelor-party-austin-celebrations,"Austin's premier boat rental and party cruise experience on Lake Travis. Private charters, disco cruises, bachelor parties, bachelorette parties, and corporate events since 2009."
https://premierpartycruises.com/blogs/lake-travis-bachelor-party-boat-rentals-the-ultimate-guide-to-epic-celebrations,"Austin's premier boat rental and party cruise experience on Lake Travis. Private charters, disco cruises, bachelor parties, bachelorette parties, and corporate events since 2009."
https://premierpartycruises.com/blogs/lake-travis-boat-party-logistics-complete-planning-and-coordination-guide,"Austin's premier boat rental and party cruise experience on Lake Travis. Private charters, disco cruises, bachelor parties, bachelorette parties, and corporate events since 2009."
https://premierpartycruises.com/blogs/lake-travis-boat-party-regulations-legal-requirements-and-compliance-guide,"Austin's premier boat rental and party cruise experience on Lake Travis. Private charters, disco cruises, bachelor parties, bachelorette parties, and corporate events since 2009."
https://premierpartycruises.com/blogs/lake-travis-boat-safety-and-maintenance-quality-standards-for-party-cruises,"Austin's premier boat rental and party cruise experience on Lake Travis. Private charters, disco cruises, bachelor parties, bachelorette parties, and corporate events since 2009."
https://premierpartycruises.com/blogs/lake-travis-party-boat-rentals-ultimate-guide-for-large-group-events-20-guests,"Austin's premier boat rental and party cruise experience on Lake Travis. Private charters, disco cruises, bachelor parties, bachelorette parties, and corporate events since 2009."
https://premierpartycruises.com/blogs/lake-travis-weather-planning-seasonal-considerations-for-perfect-boat-parties,"Austin's premier boat rental and party cruise experience on Lake Travis. Private charters, disco cruises, bachelor parties, bachelorette parties, and corporate events since 2009."
https://premierpartycruises.com/blogs/lake-travis-wedding-boat-rentals-unique-venues-for-austin-celebrations,"Austin's premier boat rental and party cruise experience on Lake Travis. Private charters, disco cruises, bachelor parties, bachelorette parties, and corporate events since 2009."
https://premierpartycruises.com/blogs/must-haves-for-the-perfect-austin-bachelorette-weekend,"Austin's premier boat rental and party cruise experience on Lake Travis. Private charters, disco cruises, bachelor parties, bachelorette parties, and corporate events since 2009."
https://premierpartycruises.com/blogs/party-alcohol-safety-in-austin-responsible-service-and-guest-well-being,"Austin's premier boat rental and party cruise experience on Lake Travis. Private charters, disco cruises, bachelor parties, bachelorette parties, and corporate events since 2009."
https://premierpartycruises.com/blogs/rehearsal-dinner-boat-alcohol-delivery-unique-wedding-weekend-experiences,"Austin's premier boat rental and party cruise experience on Lake Travis. Private charters, disco cruises, bachelor parties, bachelorette parties, and corporate events since 2009."
https://premierpartycruises.com/blogs/top-spots-tips-for-an-unforgettable-austin-bachelorette-party-experience,"Austin's premier boat rental and party cruise experience on Lake Travis. Private charters, disco cruises, bachelor parties, bachelorette parties, and corporate events since 2009."
https://premierpartycruises.com/blogs/why-choose-austin-bachelor-party,"Austin's premier boat rental and party cruise experience on Lake Travis. Private charters, disco cruises, bachelor parties, bachelorette parties, and corporate events since 2009."
https://premierpartycruises.com/blogs/why-choose-integrated-event-services-comparing-austin-party-planning-options,"Austin's premier boat rental and party cruise experience on Lake Travis. Private charters, disco cruises, bachelor parties, bachelorette parties, and corporate events since 2009."
https://premierpartycruises.com/site-directory,"Austin's premier boat rental and party cruise experience on Lake Travis. Private charters, disco cruises, bachelor parties, bachelorette parties, and corporate events since 2009."
