Url,content_count_words
https://premierpartycruises.com/,0
https://premierpartycruises.com/austin-bachelor-party-ideas,0
https://premierpartycruises.com/blog/birthday-party-alcohol-delivery-austin-milestone-celebrations-made-easy,0
https://premierpartycruises.com/blog/lake-travis-party-boat-rentals-ultimate-guide-for-large-group-events-20-guests,0
https://premierpartycruises.com/blog/lake-travis-weather-planning-seasonal-considerations-for-perfect-boat-parties,0
https://premierpartycruises.com/blog/rehearsal-dinner-boat-alcohol-delivery-unique-wedding-weekend-experiences,0
https://premierpartycruises.com/blogs/atx-disco-cruise-experience,0
https://premierpartycruises.com/blogs/austin-bachelor-party-january,0
https://premierpartycruises.com/blogs/austin-bachelor-party-july,0
https://premierpartycruises.com/blogs/austin-bachelor-party-march,0
https://premierpartycruises.com/blogs/austin-bachelor-party-may,0
https://premierpartycruises.com/blogs/austin-bachelor-party-november,0
https://premierpartycruises.com/blogs/austin-bachelor-party-september,0
https://premierpartycruises.com/blogs/austin-bachelorette-bliss-spa-retreats-disco-cruises-alcohol-delivery,0
https://premierpartycruises.com/blogs/austin-bachelorette-party-april,0
https://premierpartycruises.com/blogs/austin-bachelorette-party-august,0
https://premierpartycruises.com/blogs/austin-bachelorette-party-december,0
https://premierpartycruises.com/blogs/austin-bachelorette-party-february,0
https://premierpartycruises.com/blogs/austin-bachelorette-party-june,0
https://premierpartycruises.com/blogs/austin-bachelorette-party-october,0
https://premierpartycruises.com/blogs/austin-party-venue-alcohol-delivery-navigating-policies-and-logistics,0
https://premierpartycruises.com/blogs/birthday-party-alcohol-delivery-austin-milestone-celebrations-made-easy,0
https://premierpartycruises.com/blogs/birthday-party-boat-rentals-on-lake-travis-milestone-celebrations-with-a-view,0
https://premierpartycruises.com/blogs/corporate-team-building-on-lake-travis-professional-boat-rental-solutions,0
https://premierpartycruises.com/blogs/epic-bachelor-party-austin-ultimate-guide,0
https://premierpartycruises.com/blogs/epic-bachelorette-party-austin-ultimate-guide,0
https://premierpartycruises.com/blogs/first-time-lake-travis-boat-rental-essential-tips-for-austin-party-planning,0
https://premierpartycruises.com/blogs/graduation-party-alcohol-planning-ut-and-austin-college-celebrations,0
https://premierpartycruises.com/blogs/holiday-celebrations-on-lake-travis-seasonal-boat-party-planning-and-coordination,0
https://premierpartycruises.com/blogs/how-to-throw-great-bachelor-party-austin,0
https://premierpartycruises.com/blogs/how-to-throw-great-bachelorette-party-austin,0
https://premierpartycruises.com/blogs/joint-bachelor-bachelorette-parties-with-premier-party-cruises,0
https://premierpartycruises.com/blogs/lake-travis-bachelor-party-austin-celebrations,0
https://premierpartycruises.com/blogs/lake-travis-bachelor-party-boat-rentals-the-ultimate-guide-to-epic-celebrations,0
https://premierpartycruises.com/blogs/lake-travis-boat-party-logistics-complete-planning-and-coordination-guide,0
https://premierpartycruises.com/blogs/lake-travis-boat-party-regulations-legal-requirements-and-compliance-guide,0
https://premierpartycruises.com/blogs/lake-travis-boat-safety-and-maintenance-quality-standards-for-party-cruises,0
https://premierpartycruises.com/blogs/lake-travis-party-boat-rentals-ultimate-guide-for-large-group-events-20-guests,0
https://premierpartycruises.com/blogs/lake-travis-weather-planning-seasonal-considerations-for-perfect-boat-parties,0
https://premierpartycruises.com/blogs/lake-travis-wedding-boat-rentals-unique-venues-for-austin-celebrations,0
https://premierpartycruises.com/blogs/must-haves-for-the-perfect-austin-bachelorette-weekend,0
https://premierpartycruises.com/blogs/party-alcohol-safety-in-austin-responsible-service-and-guest-well-being,0
https://premierpartycruises.com/blogs/rehearsal-dinner-boat-alcohol-delivery-unique-wedding-weekend-experiences,0
https://premierpartycruises.com/blogs/top-spots-tips-for-an-unforgettable-austin-bachelorette-party-experience,0
https://premierpartycruises.com/blogs/why-choose-austin-bachelor-party,0
https://premierpartycruises.com/blogs/why-choose-austin-bachelorette-party,0
https://premierpartycruises.com/blogs/why-choose-integrated-event-services-comparing-austin-party-planning-options,0
https://premierpartycruises.com/book-now,30
https://premierpartycruises.com/chat,24
https://premierpartycruises.com/golden-ticket,26
https://premierpartycruises.com/golden-ticket-private,25
https://premierpartycruises.com/lake-travis-bachelor-party-boats,0
https://premierpartycruises.com/partners,34
https://premierpartycruises.com/site-directory,0
https://premierpartycruises.com/wedding-anniversary-celebration-ideas,0
