Url,seo_friendly_url
https://premierpartycruises.com/blog/rehearsal-dinner-boat-alcohol-delivery-unique-wedding-weekend-experiences,False
https://premierpartycruises.com/blogs,False
https://premierpartycruises.com/blogs/atx-disco-cruise-experience,False
https://premierpartycruises.com/blogs/hello-world,False
https://premierpartycruises.com/blogs/must-haves-for-the-perfect-austin-bachelorette-weekend,False
https://premierpartycruises.com/blogs/party-alcohol-safety-in-austin-responsible-service-and-guest-well-being,False
https://premierpartycruises.com/blogs/rehearsal-dinner-boat-alcohol-delivery-unique-wedding-weekend-experiences,False
https://premierpartycruises.com/blogs/top-spots-tips-for-an-unforgettable-austin-bachelorette-party-experience,False
https://premierpartycruises.com/blogs/why-choose-integrated-event-services-comparing-austin-party-planning-options,False
https://premierpartycruises.com/chat,False
https://premierpartycruises.com/faq,False
https://premierpartycruises.com/partners,False
https://premierpartycruises.com/site-directory,False
