URL,Last crawled
https://premierpartycruises.com/bachelorette-party-austin?gc_id=6444946957&gclid=Cj0KCQjwpPKiBhDvARIsACn-gzDbE_E-vo7m1_aWLXdTGGZwFuVp-N6R2Ip0oQ8zFxpdBZvDE2PcpVYaAlzcEALw_wcB&h_ad_id=606638879993,2025-11-15
https://premierpartycruises.com/bachelorette-party-austin?gclid=Cj0KCQjw94WZBhDtARIsAKxWG--_qxuSNqS-fuvxZjiuZ54Sn4L6gTuh9Esk_qX6w4fVRsseFxxS4HYaAkCPEALw_wcB,2025-11-15
https://premierpartycruises.com/bachelorette-party-austin/,2025-11-15
"https://premierpartycruises.com/bachelorette-party-austin/?utm_source=laketravis.com&utm_medium=directory 
page&utm_campaign=LT.com PPC Listing",2025-11-15
https://premierpartycruises.com/atx-disco-cruise/,2025-11-15
https://premierpartycruises.com/bachelor-party-austin/,2025-11-12
https://premierpartycruises.com/austin-bachelorette-nightlife,2025-11-10
https://premierpartycruises.com/budget-austin-bachelorette,2025-11-10
https://premierpartycruises.com/top-10-austin-bachelorette-ideas,2025-11-10
https://premierpartycruises.com/ultimate-austin-bachelorette-weekend,2025-11-10
https://premierpartycruises.com/blog/lake-travis-boat-party-music,2025-11-09
https://go.premierpartycruises.com/party-cruises-2025?gad_source=1&gad_campaignid=21337192262&gbraid=0AAAAA9xn13Xp-19UqVOveGuTDDXGjV6UR&gclid=CjwKCAjwuIbBBhBvEiwAsNypvYbY1k9vnl-smz2ahiHMRWQex9ukj1IVkvto9b-TIabNOSVRvB-5gBoCdecQAvD_BwE,2025-11-09
https://premierpartycruises.com/blog/rehearsal-dinner-boat-alcohol-delivery-unique-wedding-weekend-experiences/feed/,2025-10-29
https://premierpartycruises.com/blog/austin-bachelor-party-january,2025-10-28
https://premierpartycruises.com/blog/lake-travis-party-boat-rentals-ultimate-guide-for-large-group-events-20-guests/,2025-10-28
https://premierpartycruises.com/tickets-checkout/,2025-10-19
https://premierpartycruises.com/services-2/,2025-10-18
https://premierpartycruises.com/@react-refresh,2025-10-15
https://booking.premierpartycruises.com/,2025-10-13
https://premierpartycruises.com/bachelorette-party-austin/?gclid=Cj0KCQjw94WZBhDtARIsAKxWG--_qxuSNqS-fuvxZjiuZ54Sn4L6gTuh9Esk_qX6w4fVRsseFxxS4HYaAkCPEALw_wcB,2025-10-07
https://premierpartycruises.com/blog-grid/page/2/,2025-10-07
https://premierpartycruises.com/blog/atx-disco-cruise-americas-best-bach-party-experience,2025-10-07
https://premierpartycruises.com/blog/austin-bachelor-party-march,2025-10-07
https://premierpartycruises.com/donation-failed/,2025-10-07
https://premierpartycruises.com/sweet-16,2025-10-07
https://premierpartycruises.com/milestone-birthday,2025-10-07
https://premierpartycruises.com/after-party,2025-10-07
https://premierpartycruises.com/rehearsal-dinner,2025-10-07
https://premierpartycruises.com/blog/austin-bachelorette-party-august,2025-10-07
https://premierpartycruises.com/blog/austin-bachelorette-party-april,2025-10-07
https://premierpartycruises.com/blog/how-to-throw-great-bachelorette-party-austin,2025-10-07
https://premierpartycruises.com/welcome-party,2025-10-07
https://premierpartycruises.com/blog/how-to-throw-great-bachelor-party-austin,2025-10-07
https://premierpartycruises.com/blog/austin-bachelor-party-september,2025-10-07
https://premierpartycruises.com/blog/why-choose-austin-bachelorette-party,2025-10-07
https://premierpartycruises.com/blog/austin-bachelorette-party-june,2025-10-07
https://premierpartycruises.com/blog/lake-travis-boat-party-photography-capturing-perfect-memories-on-the-water/,2025-10-07
https://premierpartycruises.com/blog/austin-bachelorette-party-february,2025-10-07
https://premierpartycruises.com/blog/austin-bachelor-party-november,2025-10-07
https://premierpartycruises.com/blog/austin-bachelorette-party-december,2025-10-07
https://premierpartycruises.com/blog/why-choose-austin-bachelor-party,2025-10-07
https://premierpartycruises.com/blog/perfect-bachelor-party-itinerary-austin,2025-10-07
https://premierpartycruises.com/blog/austin-bachelor-party-july,2025-10-07
https://premierpartycruises.com/blog/lake-travis-boat-party-packages,2025-10-07
https://premierpartycruises.com/blogs/tag/boat-rental,2025-10-06
https://premierpartycruises.com/blogs/tag/austin-nightlife,2025-10-06
https://premierpartycruises.com/blogs/category/bachelorette-party-austin,2025-10-06
https://premierpartycruises.com/blogs/tag/group-events,2025-10-06
https://premierpartycruises.com/blogs/tag/lake-travis,2025-10-06
https://premierpartycruises.com/blogs/category/party-boat-austin,2025-10-06
https://premierpartycruises.com/big-conference/,2025-10-06
https://premierpartycruises.com/about-us-2/,2025-10-06
https://premierpartycruises.com/@vite/client?overlay=false,2025-10-06
https://premierpartycruises.com/blog/the-top-five-celebrities-at-our-dream-party-barge,2025-10-05
https://premierpartycruises.com/blogs/category/safety-regulations,2025-10-05
https://premierpartycruises.com/blog/disco-cruise-fashion-part-1,2025-10-05
https://premierpartycruises.com/blog/startup-celebration-alcohol-packages-funding-rounds-launches-and-milestone-events/,2025-10-04
https://premierpartycruises.com/blogs/tag/party-ideas,2025-10-04
https://premierpartycruises.com/birthday-parties/,2025-10-04
https://premierpartycruises.com/privacy-policy/,2025-10-04
https://premierpartycruises.com/blog/integrated-austin-event-services-combining-alcohol-delivery-and-boat-rentals-for-perfect-celebrations,2025-10-03
https://premierpartycruises.com/blog/lake-travis-sunset-cruises-romantic-and-celebration-options-for-every-occasion/,2025-10-03
https://premierpartycruises.com/blog/why-choose-integrated-event-services-comparing-austin-party-planning-options,2025-10-03
https://premierpartycruises.com/pricing-and-amenities,2025-10-03
https://premierpartycruises.com/Lemonade-Disco,2025-10-03
https://premierpartycruises.com/blog/the-ultimate-austin-bachelorette-party-alcohol-guide-what-to-order-when-to-order-and-how-much-you-actually-need/,2025-10-03
https://premierpartycruises.com/combined-bachelor-bachelorette,2025-10-03
https://premierpartycruises.com/blog/austin-party-venue-alcohol-delivery-navigating-policies-and-logistics/,2025-10-03
https://premierpartycruises.com/blog/lake-travis-boat-party-costs,2025-10-03
https://go.premierpartycruises.com/4th-july-disco-2025,2025-09-20
https://go.premierpartycruises.com/premier-party-cruises-2025,2025-04-05