Url,title
https://premierpartycruises.com/atx-disco-cruise,ATX Disco Cruise | Austin Bachelor & Bachelorette Party Boat | Premier Party Cruises
https://premierpartycruises.com/austin-bachelor-party-ideas,Austin Bachelor Party Ideas: Top Things to Do for an Epic Guys' Weekend
https://premierpartycruises.com/bachelorette-party-austin,Austin Bachelorette Party Boats | Lake Travis | Premier Party Cruises
https://premierpartycruises.com/blogs/atx-disco-cruise-experience,ATX Disco Cruise Experience: Austin's Ultimate Party Boat | Premier Party Cruises
https://premierpartycruises.com/blogs/how-to-throw-great-bachelorette-party-austin,How to Throw a Great Bachelorette Party in Austin | Complete Guide
https://premierpartycruises.com/blogs/integrated-austin-event-services-combining-alcohol-delivery-and-boat-rentals-for-perfect-celebrations,Integrated Austin Event Services: Combining Alcohol Delivery and Boat Rentals for Perfect Celebrations
https://premierpartycruises.com/client-entertainment,Corporate Client Entertainment | Lake Travis Boat Cruises | Premier Party Cruises
https://premierpartycruises.com/corporate-events,Corporate Event Cruises Lake Travis | Team Building & Client Entertainment | Premier Party Cruises
https://premierpartycruises.com/lake-travis-bachelor-party-boats,Lake Travis Bachelor Party Boats: The Ultimate Austin Party Cruise Experience
https://premierpartycruises.com/private-cruises,"Private Boat Charters Lake Travis | Day Tripper, Meeseeks & Clever Girl | Premier Party Cruises"
https://premierpartycruises.com/rehearsal-dinner-boat-alcohol-delivery,Rehearsal Dinner Boat & Alcohol Delivery | Unique Wedding Weekend Experiences
https://premierpartycruises.com/team-building,Team Building Cruises Lake Travis | Austin Corporate Events | Premier Party Cruises
https://premierpartycruises.com/wedding-anniversary-celebration-ideas,Wedding Anniversary Celebration Ideas: Recreating Your Special Day with Boat and Alcohol Packages
