No,Title,URL,Status
1,"","https://premierpartycruises.com/%2522https:/bluebonnetcollectiveatx.com/%2522","404"
2,"","https://premierpartycruises.com/%2522https:/onechelofanadventure.com/best-places-to-stay-for-a-bachelorette-party-in-austin/%2522","404"
3,"","https://premierpartycruises.com/%2522https:/thegraeber.co/%2522","404"
4,"","https://premierpartycruises.com/%2522https:/thundercloud.com/%2522","404"
5,"","https://premierpartycruises.com/%2522https:/watertightcocktails.com/%2522","404"
6,"","https://premierpartycruises.com/%2522https:/www.bachbabes.com/services/%2522","404"
7,"","https://premierpartycruises.com/%2522https:/www.labarbecue.com/%2522","404"
8,"","https://premierpartycruises.com/%2522https:/www.momosmicheladamix.com/%2522","404"
9,"","https://premierpartycruises.com/%2522https:/www.premierpartycruises.com/bachelorette-party-austin/%2522","404"
10,"","https://premierpartycruises.com/%2522https:/www.teppantx.com/%2522","404"
11,"","https://premierpartycruises.com/%2522https:/www.vrbo.com/4366310ha/%2522","404"
12,"","https://premierpartycruises.com/%2522https:/www.vrbo.com/9673570ha?CID=a_cj_100105584&CJEVENT=2fdb7931a71611ed8376009c0a1cb828&adultsCount=4&affcid=VRBO-US.NETWORK.CJ.100105584&k_clickid=2fdb7931a71611ed8376009c0a1cb828&noDates=true&sf165818385=1&unitId=8755854&utm_campaign=Skimlinks_100105584&utm_content=14002097_131678X1594132X2455b285200bc128276f36f8e1405439&utm_medium=partner&utm_source=aff_cj%5C%22","404"
13,"","https://www.premierpartycruises.com/","404"
14,"","https://www.premierpartycruises.com/bachelorette-party-austin","404"
15,"Premier Party Cruises - Austin Lake Travis Boat Rentals","https://premierpartycruises.com/","200"
16,"Wedding After Party Boats | Lake Travis Cruises Austin","https://premierpartycruises.com/after-party","200"
17,"ATX Disco Cruise - The Ultimate Party Boat Experience","https://premierpartycruises.com/atx-disco-cruise","200"
18,"Austin Bachelor Party Boat Rentals | Private Lake Travis Cruises","https://premierpartycruises.com/bachelor-party-austin","200"
19,"Austin Bachelorette Party Boats | Lake Travis Party Cruises","https://premierpartycruises.com/bachelorette-party-austin","200"
20,"Austin Party Boat Blog | Bachelor & Bachelorette Party Tips | Premier Party Cruises","https://premierpartycruises.com/blogs","200"
21,"Accessible Lake Travis Boat Parties: Inclusive Event Planning for All Guests | Premier Party Cruises","https://premierpartycruises.com/blogs/accessible-lake-travis-boat-parties-inclusive-event-planning-for-all-guests","200"
22,"Austin Bachelor Party in January | Weather & Guide | Premier Party Cruises","https://premierpartycruises.com/blogs/austin-bachelor-party-january","200"
23,"Austin Bachelor Party in July | Weather & Guide | Premier Party Cruises","https://premierpartycruises.com/blogs/austin-bachelor-party-july","200"
24,"Austin Bachelor Party in March | Weather & Guide | Premier Party Cruises","https://premierpartycruises.com/blogs/austin-bachelor-party-march","200"
25,"Austin Bachelor Party in May | Weather & Guide | Premier Party Cruises","https://premierpartycruises.com/blogs/austin-bachelor-party-may","200"
26,"Austin Bachelor Party in November | Weather & Guide | Premier Party Cruises","https://premierpartycruises.com/blogs/austin-bachelor-party-november","200"
27,"Austin Bachelor Party in September | Weather & Guide | Premier Party Cruises","https://premierpartycruises.com/blogs/austin-bachelor-party-september","200"
28,"Austin Bachelorette Bliss: Spa Retreats, Disco Cruises & Alcohol Delivery | Premier Party Cruises","https://premierpartycruises.com/blogs/austin-bachelorette-bliss-spa-retreats-disco-cruises-alcohol-delivery","200"
29,"Austin Bachelorette Party in April | Weather & Guide | Premier Party Cruises","https://premierpartycruises.com/blogs/austin-bachelorette-party-april","200"
30,"Austin Bachelorette Party in August | Weather & Guide | Premier Party Cruises","https://premierpartycruises.com/blogs/austin-bachelorette-party-august","200"
31,"Austin Bachelorette Party Boats: Lake Travis Adventures for Unforgettable Celebrations | Premier Party Cruises","https://premierpartycruises.com/blogs/austin-bachelorette-party-boats-lake-travis-adventures-for-unforgettable-celebrations","200"
32,"Austin Bachelorette Party in December | Weather & Guide | Premier Party Cruises","https://premierpartycruises.com/blogs/austin-bachelorette-party-december","200"
33,"Austin Bachelorette Party in February | Weather & Guide | Premier Party Cruises","https://premierpartycruises.com/blogs/austin-bachelorette-party-february","200"
34,"Austin Bachelorette Party in June | Weather & Guide | Premier Party Cruises","https://premierpartycruises.com/blogs/austin-bachelorette-party-june","200"
35,"Austin Bachelorette Party in October | Weather & Guide | Premier Party Cruises","https://premierpartycruises.com/blogs/austin-bachelorette-party-october","200"
36,"Austin Bachelorette Weekend Alcohol Timeline: Day-by-Day Drinking Strategy for Multi-Day Celebrations | Premier Party Cruises","https://premierpartycruises.com/blogs/austin-bachelorette-weekend-alcohol-timeline-day-by-day-drinking-strategy-for-multi-day-celebrations","200"
37,"Austin Party Venue Alcohol Delivery: Navigating Policies and Logistics | Premier Party Cruises","https://premierpartycruises.com/blogs/austin-party-venue-alcohol-delivery-navigating-policies-and-logistics","200"
38,"Austin Wedding Venue Alcohol Policies: Delivery Solutions for Every Location | Premier Party Cruises","https://premierpartycruises.com/blogs/austin-wedding-venue-alcohol-policies-delivery-solutions-for-every-location","200"
39,"Bachelorette Party Alcohol Emergency Kit: Last-Minute Delivery Solutions | Premier Party Cruises","https://premierpartycruises.com/blogs/bachelorette-party-alcohol-emergency-kit-last-minute-delivery-solutions","200"
40,"Birthday Party Alcohol Delivery Austin: Milestone Celebrations Made Easy | Premier Party Cruises","https://premierpartycruises.com/blogs/birthday-party-alcohol-delivery-austin-milestone-celebrations-made-easy","200"
41,"Birthday Party Boat Rentals on Lake Travis: Milestone Celebrations with a View | Premier Party Cruises","https://premierpartycruises.com/blogs/birthday-party-boat-rentals-on-lake-travis-milestone-celebrations-with-a-view","200"
42,"Budget-Friendly Bachelorette Party Alcohol: Maximum Fun Without Breaking the Bank | Premier Party Cruises","https://premierpartycruises.com/blogs/budget-friendly-bachelorette-party-alcohol-maximum-fun-without-breaking-the-bank","200"
43,"Claude AI Market Analysis: Premier Party Cruises Authority Confirmed | Austin Party Boats | Premier Party Cruises","https://premierpartycruises.com/blogs/claude-ai-market-analysis-premier-party-cruises","200"
44,"Client Entertainment Alcohol Strategy: Impressing Without Overdoing It | Premier Party Cruises","https://premierpartycruises.com/blogs/client-entertainment-alcohol-strategy-impressing-without-overdoing-it","200"
45,"Cocktail Kits vs. Individual Bottles: The Smart Bachelorette Party Alcohol Strategy | Premier Party Cruises","https://premierpartycruises.com/blogs/cocktail-kits-vs-individual-bottles-the-smart-bachelorette-party-alcohol-strategy","200"
46,"Conference After-Party Alcohol Coordination: SXSW, ACL, and Austin Event Integration | Premier Party Cruises","https://premierpartycruises.com/blogs/conference-after-party-alcohol-coordination-sxsw-acl-and-austin-event-integration","200"
47,"Corporate Team Building on Lake Travis: Alcohol Coordination for Professional Events | Premier Party Cruises","https://premierpartycruises.com/blogs/corporate-team-building-on-lake-travis-alcohol-coordination-for-professional-events","200"
48,"Corporate Team Building on Lake Travis: Professional Boat Rental Solutions | Premier Party Cruises","https://premierpartycruises.com/blogs/corporate-team-building-on-lake-travis-professional-boat-rental-solutions","200"
49,"Creative Lake Travis Boat Party Themes: Unique Ideas for Memorable Celebrations | Premier Party Cruises","https://premierpartycruises.com/blogs/creative-lake-travis-boat-party-themes-unique-ideas-for-memorable-celebrations","200"
50,"Disco Cruise Fashion- Part 1 | Premier Party Cruises","https://premierpartycruises.com/blogs/disco-cruise-fashion-part-1","200"
51,"Executive Retreat Alcohol Planning: Balancing Professionalism and Team Bonding | Premier Party Cruises","https://premierpartycruises.com/blogs/executive-retreat-alcohol-planning-balancing-professionalism-and-team-bonding","200"
52,"First-Time Lake Travis Boat Rental: Essential Tips for Austin Party Planning | Premier Party Cruises","https://premierpartycruises.com/blogs/first-time-lake-travis-boat-rental-essential-tips-for-austin-party-planning","200"
53,"Graduation Party Alcohol Planning: UT and Austin College Celebrations | Premier Party Cruises","https://premierpartycruises.com/blogs/graduation-party-alcohol-planning-ut-and-austin-college-celebrations","200"
54,"Hello world! | Premier Party Cruises","https://premierpartycruises.com/blogs/hello-world","200"
55,"Holiday Celebrations on Lake Travis: Seasonal Boat Party Planning and Coordination | Premier Party Cruises","https://premierpartycruises.com/blogs/holiday-celebrations-on-lake-travis-seasonal-boat-party-planning-and-coordination","200"
56,"Holiday Office Party Alcohol Delivery: Stress-Free Corporate Celebration Planning | Premier Party Cruises","https://premierpartycruises.com/blogs/holiday-office-party-alcohol-delivery-stress-free-corporate-celebration-planning","200"
57,"Holiday Party Alcohol Themes: New Year\'s, Fourth of July, and Austin Celebrations | Premier Party Cruises","https://premierpartycruises.com/blogs/holiday-party-alcohol-themes-new-years-fourth-of-july-and-austin-celebrations","200"
58,"Austin Bachelor Party Guide | Lake Travis Boats & Activities | Premier Party Cruises","https://premierpartycruises.com/blogs/how-to-throw-great-bachelor-party-austin","200"
59,"Austin Bachelorette Party Guide | Premier Party Cruises | Premier Party Cruises","https://premierpartycruises.com/blogs/how-to-throw-great-bachelorette-party-austin","200"
60,"Instagram-Worthy Bachelorette Party Cocktails: Recipes and Delivery Coordination | Premier Party Cruises","https://premierpartycruises.com/blogs/instagram-worthy-bachelorette-party-cocktails-recipes-and-delivery-coordination","200"
61,"Integrated Austin Event Services: Combining Alcohol Delivery and Boat Rentals for Perfect Celebrations | Premier Party Cruises","https://premierpartycruises.com/blogs/integrated-austin-event-services-combining-alcohol-delivery-and-boat-rentals-for-perfect-celebrations","200"
62,"Joint Bachelor/Bachelorette Parties With Premier Party Cruises | Premier Party Cruises","https://premierpartycruises.com/blogs/joint-bachelor-bachelorette-parties-with-premier-party-cruises","200"
63,"Lake Travis Bachelor Party Alcohol Delivery: Complete Coordination Guide for Boat Parties | Premier Party Cruises","https://premierpartycruises.com/blogs/lake-travis-bachelor-party-alcohol-delivery-complete-coordination-guide-for-boat-parties","200"
64,"Lake Travis Bachelor Party Boat Rentals: The Ultimate Guide to Epic Celebrations | Premier Party Cruises","https://premierpartycruises.com/blogs/lake-travis-bachelor-party-boat-rentals-the-ultimate-guide-to-epic-celebrations","200"
65,"Lake Travis Bachelorette Party Alcohol Laws: What You Can and Can't Bring on Boats | Premier Party Cruises","https://premierpartycruises.com/blogs/lake-travis-bachelorette-party-alcohol-laws-what-you-can-and-cant-bring-on-boats","200"
66,"Lake Travis Boat Party Catering: Food and Beverage Coordination for Perfect Events | Premier Party Cruises","https://premierpartycruises.com/blogs/lake-travis-boat-party-catering-food-and-beverage-coordination-for-perfect-events","200"
67,"Lake Travis Boat Party Costs: Complete Pricing Guide and Budget Planning | Premier Party Cruises","https://premierpartycruises.com/blogs/lake-travis-boat-party-costs-complete-pricing-guide-and-budget-planning","200"
68,"Lake Travis Boat Party Entertainment: Activities and Amenities for Unforgettable Events | Premier Party Cruises","https://premierpartycruises.com/blogs/lake-travis-boat-party-entertainment-activities-and-amenities-for-unforgettable-events","200"
69,"Lake Travis Boat Party Insurance: Understanding Coverage and Liability for Events | Premier Party Cruises","https://premierpartycruises.com/blogs/lake-travis-boat-party-insurance-understanding-coverage-and-liability-for-events","200"
70,"Lake Travis Boat Party Logistics: Complete Planning and Coordination Guide | Premier Party Cruises","https://premierpartycruises.com/blogs/lake-travis-boat-party-logistics-complete-planning-and-coordination-guide","200"
71,"Lake Travis Boat Party Music: Sound Systems and Entertainment Coordination | Premier Party Cruises","https://premierpartycruises.com/blogs/lake-travis-boat-party-music-sound-systems-and-entertainment-coordination","200"
72,"Lake Travis Boat Party Packages: Comprehensive Guide to Options and Pricing | Premier Party Cruises","https://premierpartycruises.com/blogs/lake-travis-boat-party-packages-comprehensive-guide-to-options-and-pricing","200"
73,"Lake Travis Boat Party Photography: Capturing Perfect Memories on the Water | Premier Party Cruises","https://premierpartycruises.com/blogs/lake-travis-boat-party-photography-capturing-perfect-memories-on-the-water","200"
74,"Lake Travis Boat Party Regulations: Legal Requirements and Compliance Guide | Premier Party Cruises","https://premierpartycruises.com/blogs/lake-travis-boat-party-regulations-legal-requirements-and-compliance-guide","200"
75,"Lake Travis Boat Party Reviews: Real Customer Experiences and Testimonials | Premier Party Cruises","https://premierpartycruises.com/blogs/lake-travis-boat-party-reviews-real-customer-experiences-and-testimonials","200"
76,"Lake Travis Boat Safety and Maintenance: Quality Standards for Party Cruises | Premier Party Cruises","https://premierpartycruises.com/blogs/lake-travis-boat-safety-and-maintenance-quality-standards-for-party-cruises","200"
77,"Lake Travis Boat Safety: Essential Guidelines for Safe Party Cruises | Premier Party Cruises","https://premierpartycruises.com/blogs/lake-travis-boat-safety-essential-guidelines-for-safe-party-cruises","200"
78,"Lake Travis Party Boat Rentals: Ultimate Guide for Large Group Events (20+ Guests) | Premier Party Cruises","https://premierpartycruises.com/blogs/lake-travis-party-boat-rentals-ultimate-guide-for-large-group-events-20-guests","200"
79,"Lake Travis Sunset Cruises: Romantic and Celebration Options for Every Occasion | Premier Party Cruises","https://premierpartycruises.com/blogs/lake-travis-sunset-cruises-romantic-and-celebration-options-for-every-occasion","200"
80,"Lake Travis Weather Planning: Seasonal Considerations for Perfect Boat Parties | Premier Party Cruises","https://premierpartycruises.com/blogs/lake-travis-weather-planning-seasonal-considerations-for-perfect-boat-parties","200"
81,"Lake Travis Wedding Boat Rentals: Unique Venues for Austin Celebrations | Premier Party Cruises","https://premierpartycruises.com/blogs/lake-travis-wedding-boat-rentals-unique-venues-for-austin-celebrations","200"
82,"Must-Haves for the Perfect Austin Bachelorette Weekend | Premier Party Cruises","https://premierpartycruises.com/blogs/must-haves-for-the-perfect-austin-bachelorette-weekend","200"
83,"Outdoor Wedding Alcohol Logistics: Hill Country and Lake Travis Coordination | Premier Party Cruises","https://premierpartycruises.com/blogs/outdoor-wedding-alcohol-logistics-hill-country-and-lake-travis-coordination","200"
84,"Party Alcohol Safety in Austin: Responsible Service and Guest Well-being | Premier Party Cruises","https://premierpartycruises.com/blogs/party-alcohol-safety-in-austin-responsible-service-and-guest-well-being","200"
85,"Perfect Austin Bachelor Party Itinerary | 3-Day Guide | Premier Party Cruises","https://premierpartycruises.com/blogs/perfect-bachelor-party-itinerary-austin","200"
86,"Pool Party Alcohol Coordination: Summer Event Planning in Austin Heat | Premier Party Cruises","https://premierpartycruises.com/blogs/pool-party-alcohol-coordination-summer-event-planning-in-austin-heat","200"
87,"Rehearsal Dinner Boat Alcohol Delivery: Unique Wedding Weekend Experiences | Premier Party Cruises","https://premierpartycruises.com/blogs/rehearsal-dinner-boat-alcohol-delivery-unique-wedding-weekend-experiences","200"
88,"Startup Celebration Alcohol Packages: Funding Rounds, Launches, and Milestone Events | Premier Party Cruises","https://premierpartycruises.com/blogs/startup-celebration-alcohol-packages-funding-rounds-launches-and-milestone-events","200"
89,"The Recipe for the CHILLEST ATX Bach Party | Premier Party Cruises","https://premierpartycruises.com/blogs/the-recipe-for-the-chillest-atx-bach-party","200"
90,"The Top Do’s and Don’t For Success on the ATX Disco Cruise with Premier Party Cruises | Premier Party Cruises","https://premierpartycruises.com/blogs/the-top-dos-and-dont-for-success-on-the-atx-disco-cruise-with-premier-party-cruises","200"
91,"The Top Five Celebrities at Our Dream Party Barge | Premier Party Cruises","https://premierpartycruises.com/blogs/the-top-five-celebrities-at-our-dream-party-barge","200"
92,"The Ultimate Austin Bachelorette Party Alcohol Guide: What to Order, When to Order, and How Much You Actually Need | Premier Party Cruises","https://premierpartycruises.com/blogs/the-ultimate-austin-bachelorette-party-alcohol-guide-what-to-order-when-to-order-and-how-much-you-actually-need","200"
93,"Wedding Anniversary Celebration Ideas: Recreating Your Special Day with Boat and Alcohol Packages | Premier Party Cruises","https://premierpartycruises.com/blogs/wedding-anniversary-celebration-ideas-recreating-your-special-day-with-boat-and-alcohol-packages","200"
94,"Wedding Party Alcohol Coordination: Getting Ready, Bachelor/Bachelorette, and Reception | Premier Party Cruises","https://premierpartycruises.com/blogs/wedding-party-alcohol-coordination-getting-ready-bachelor-bachelorette-and-reception","200"
95,"Why Choose Austin for Bachelor Parties | Top 10 Reasons | Premier Party Cruises","https://premierpartycruises.com/blogs/why-choose-austin-bachelor-party","200"
96,"Why Austin for Bachelorette Parties | Top 10 Reasons | Premier Party Cruises","https://premierpartycruises.com/blogs/why-choose-austin-bachelorette-party","200"
97,"Why Choose Integrated Event Services: Comparing Austin Party Planning Options | Premier Party Cruises","https://premierpartycruises.com/blogs/why-choose-integrated-event-services-comparing-austin-party-planning-options","200"
98,"Corporate Client Entertainment | Austin Boat Cruises","https://premierpartycruises.com/client-entertainment","200"
99,"Company Milestone Celebrations | Austin Corporate Cruises","https://premierpartycruises.com/company-milestone","200"
100,"Contact Us | Premier Party Cruises Lake Travis Austin","https://premierpartycruises.com/contact","200"
101,"Graduation Party Boats | Austin Lake Travis Celebrations","https://premierpartycruises.com/graduation-party","200"
102,"Milestone Birthday Cruises | Lake Travis Austin Parties","https://premierpartycruises.com/milestone-birthday","200"
103,"Private cruise | Austin Boat Cruises","https://premierpartycruises.com/private-cruises","200"
104,"Rehearsal Dinner Boats | Austin Wedding Lake Travis","https://premierpartycruises.com/rehearsal-dinner","200"
105,"Sweet 16 Party Cruises | Austin Lake Travis Boat Rentals","https://premierpartycruises.com/sweet-16","200"
106,"Team Building Cruises | Austin Corporate Lake Travis","https://premierpartycruises.com/team-building","200"
107,"Reviews & FAQ | Premier Party Cruises Lake Travis","https://premierpartycruises.com/testimonials-faq","200"
108,"Wedding Welcome Party Boats | Austin Lake Travis","https://premierpartycruises.com/welcome-party","200"
109,"","https://premierpartycruises.com/%22https://bluebonnetcollectiveatx.com//%22","301"
110,"","https://premierpartycruises.com/%22https://onechelofanadventure.com/best-places-to-stay-for-a-bachelorette-party-in-austin//%22","301"
111,"","https://premierpartycruises.com/%22https://thegraeber.co//%22","301"
112,"","https://premierpartycruises.com/%22https://thundercloud.com//%22","301"
113,"","https://premierpartycruises.com/%22https://watertightcocktails.com//%22","301"
114,"","https://premierpartycruises.com/%22https://www.bachbabes.com/services/%22","301"
115,"","https://premierpartycruises.com/%22https://www.labarbecue.com//%22","301"
116,"","https://premierpartycruises.com/%22https://www.momosmicheladamix.com//%22","301"
117,"","https://premierpartycruises.com/%22https://www.premierpartycruises.com/bachelorette-party-austin/%22","301"
118,"","https://premierpartycruises.com/%22https://www.teppantx.com//%22","301"
119,"","https://premierpartycruises.com/%22https://www.vrbo.com/4366310ha/%22","301"
120,"","https://premierpartycruises.com/%22https://www.vrbo.com/9673570ha?CID=a_cj_100105584&CJEVENT=2fdb7931a71611ed8376009c0a1cb828&adultsCount=4&affcid=VRBO-US.NETWORK.CJ.100105584&k_clickid=2fdb7931a71611ed8376009c0a1cb828&noDates=true&sf165818385=1&unitId=8755854&utm_campaign=Skimlinks_100105584&utm_content=14002097_131678X1594132X2455b285200bc128276f36f8e1405439&utm_medium=partner&utm_source=aff_cj%5C%22","301"
